UUID;Name;Points
aa3eaf74-6d9c-4859-b733-5a18a3b2f71b;afonso_rf;792
2d3d2dce-d353-4961-ad39-46723efe2100;mariicmartins;1375
ca95ef2a-5129-40f4-acbc-2ced25940032;tdlupus;421
65662aff-44d6-4f06-b9d9-07445c6e5943;kozat0;4063
98b960e7-6b7b-45b7-b7af-60bca40e04b9;gu1z17;0
b2f9d026-0727-4125-b84b-c60af3148a15;dcha0tic;2080
6e1bc660-02eb-49ac-aee6-592328504897;jesak_;894
95ef4c1e-b21a-468e-b419-ad08333c4948;marciormr;67
e7c79c1a-7693-4e63-a844-c755e0bc3bd3;gabriel_aka;849
c4f241f8-2140-4f72-b1a3-904fcc51e38c;otal_xandao;203
e407fad9-4f76-4c12-98ea-d70d1c8d0d97;juligaioso;418
cf317911-6a16-403b-9ea0-ad9b90d44a1a;danszk;38
d92138ad-7b6f-4b5b-8e0d-5041fe5b943a;tak3_iteasy;0
00a6d4c8-38e5-4e92-981e-4e4ac5084546;cecisssssss;0
2fa14ef0-72ee-43b8-a884-8cedd9dae64e;campeiro;112
03d75a45-0b36-4fd7-a84e-7b36912f1998;spacca_de_cabelo;5
a59e2ccb-72ef-45d3-844c-65334964261f;colonel_volgin_;554
1fe103bf-ba44-42a2-9b75-fc7d9f9bd2f8;uakabaiaxi;158
c7a4278b-de77-421a-ac17-43c8e8eef6ef;tanquetav;267
a2abd650-93a1-4c0e-a57e-485b7fadfa43;franknfjr;206
b76c3795-90bf-4470-a6ff-8005d2810fc9;zsahist;869
f072ee1b-dfec-4073-940b-0264dbe408de;pequenna;1
c51d1137-46fe-483a-b4b8-7f7fa6703aaa;bullciti;0
6a7d3662-8ab6-43e2-a194-e7f1a58b996d;comportado;0
a36bb816-5ac7-414e-9252-98c4720839dc;pistolinha_ghost;0
43e2aca6-8825-46ca-85ac-ac76a461638e;phblbrasil2;0
54edd84d-73ad-4821-8d53-7ed04f00b2e4;kaycristina;1153
5b59236f-a9dd-4877-a738-d56a77a301e8;savarizluan;4
aa47f1e7-1631-4b03-abd9-9309de45f81a;andrehm_;554
a1478518-6bf1-41e7-895b-355a06554b96;talismacedo;1116
1370597d-57dc-46ae-9d2f-ac6e4a285c81;skyavet;620
053f094b-a813-4417-9bb6-7a3d1737b089;vioninho;0
7e158eee-407a-49e8-a1b0-87662b735e57;huezenbergg;0
28980931-4ba6-4206-99e9-5ebbe0f28295;jaimilson_;0
99431a0f-1f38-47ab-9136-445c7afae00d;nicolaslima167;1364
ed18130c-a356-402e-be63-15948e0e4108;rafaelbatistella;53
20224958-4a8b-461c-a1b9-02080a55af96;clerijr;100
5ae0871a-e31d-4003-8c1a-e181dab54036;ig_barreto;159
331ebc0b-f4a6-4364-85a3-33f91743e2c3;kolligan;350
df695821-6cd6-457e-91b3-33f988c736bc;luisx3krz;152
3458efb0-0a7e-490f-8856-c29f9050d938;the_avila;391
34b1ea54-b7c8-489f-85f8-aab2a844c2e3;vinicius_cd;202
596f1ca1-2593-46f8-93d3-272447fcafae;nicholascarballo;8
af4f97a5-90a8-4ebf-8420-d7766ad093ea;ldbressan;1038
c9ed7cd1-df65-43b9-a18d-f658936b1799;danlscrf;163
0368a5c3-bc5d-45f2-b8a0-07e74ea1574f;levy957;7
be6ccf09-820d-43c9-9705-9fc381b682f7;viniciuss_vieira;0
4c77c153-19b9-42e2-a03c-04f43dcc6105;vinnyportugal07;1211
e37e9fd7-73b3-44a5-9eb9-022fb6d39225;beepthedev;2
6dece871-c22b-40a9-a919-19a88acf3401;igor_tiltado;457
faf46096-5f3c-4419-befb-7365c881d2d6;duckosapateiro;0
4fade907-6e0f-4581-a674-aad6622b1b10;will_sca;620
f608acbe-ccef-4161-b46a-5a6f6a46a3f3;trindadexd;907
5877cf53-bde0-4bfa-b61b-0a09e5dd5147;pivetadev;588
df08af5d-fb82-4b1f-a2e3-621d845fbb6e;surtocerto;50
317476ac-bfe4-427e-b611-06cdc5e80894;palantirnexus;0
f7a75235-e8f3-4763-9429-185ec3598b06;skimifil;614
82a5c529-3e9b-40c0-a662-f1a3c1939642;jheni_souzaaa;0
697396c0-502a-4ef6-9af7-dd08113a0409;nynobenshaa;309
21943df7-272e-46ef-aeb7-933a6637bfd5;gabra_alves;1013
2a9d4ba3-4c58-47f9-8dc4-6f9cb50be1b1;dabathehutt;1307
821134d7-f44d-4769-8c2c-b50e82c16099;andrelteixeira;335
aa643d36-5a4c-47c0-95dc-3ba49d9b6eab;nicomarttinns;101
219c530f-45c4-4438-92de-ccadf9981f62;tonindosinuca;0
ef5b5c37-a4fc-4222-bbe2-50c4e40fd997;marcos_314;154
43fe0176-a4a7-4263-9f45-3fb68e054430;j0nas079;216
6582b314-afdb-47ef-88ff-a8d5c28fd4a7;larryfisherman25;695
c8cc7485-7a11-44dd-8145-6665e7c2f103;fer_batman;171
74c06e4d-0d4f-48f1-96af-a03c7b18ce47;thamibetin;1940
c59f5c8f-1d85-407a-8456-646d0f6be4f6;sfinotti;3
e91dcc7c-20ec-4d44-8290-a67a6cc557c1;comuna_13;16
71c0a8c1-f6d1-4090-a304-95f38c66d6b8;ramonfviana;358
450a3f75-9c8a-4eb2-b39c-f718ec24f40c;letanze;920
884e9674-31cf-43be-8e6f-0f9ee3696923;darthliliith;50
fbc705f9-bbee-4aa2-b74c-4ab8a4290af0;marcusgmr;202
c4ade77c-f395-4d22-93c3-7a8031df9c6f;ght12;204
15a2e60e-1eb6-4979-919d-f968a50d67d0;devrodrigolima;0
98953b1a-ae7e-4e50-b264-bdda6c3a4a6d;ericcamacho;1423
a4e4f0e5-6d0e-4461-b13f-023f8ec7ac5d;lylozz;0
8a106d07-1a24-47d2-9d4f-b8418d874f05;gu1_cq;173
7d265bd6-76c5-45f7-8b53-a35a774dd9a8;infoslack;6
566ff65c-1f2d-46f6-9fe6-6559866fa156;luparellii;0
e4c33903-1025-458b-99c6-f4896942082d;froste43;1
d51777b5-002d-40cf-abb3-1b4a5c6673ab;gustabo107;0
4f4685d8-48e5-4f6b-823c-5fd61d7bd709;snupres;464
b0847d5b-c1dd-41cc-8302-b451c8674c0e;gettodachoppaaa;2082
7df60476-b880-485a-9430-ededf50a9bbb;kaeric_;186
bd0ccd8d-87a0-4aa7-8f0d-31276c9b9b23;rajaadao;3
4d39bad4-acd2-434c-a965-88e6d917e80e;pry_rowe;353
e7407187-d6aa-4a70-90b3-ac9f99589651;anthonyvii27;2
0af0bdf0-d17a-41bd-b8f6-6b3cef165bd8;durituscabral;667
429d1211-6738-455f-bfdd-0eed6b68e5f7;gabrielcordd;260
8237120a-3720-4523-9825-db3bac44b2e5;aldxz;0
b158e1c0-6be9-40ce-9a92-9976bc14b678;cyb3rj0hn;116
b694739a-6362-436d-a3a0-08977b39afb2;sznha;0
871b821c-3bd6-4a0b-84e8-b005162ff348;nvt_professor;527
7af74d57-b6ac-42db-8093-f0fa8fb9a29f;joovitor177;417
058d457f-9ffd-4426-a0f0-7aa20065a0db;bozomalaco;0
30e5dd64-f51e-43e2-a3e2-6f6407658d2a;1__jhonas__1;641
8151fff4-0b51-4577-ae0b-4622d244d324;neelister;1214
2b83b8d3-3f3e-4006-82d0-02521f1192fc;gabsnkira;50
0ed6b09e-4329-4d2a-837b-2aad4796cd3a;x_deathking_x;55
0097ab76-4637-4ece-8ebc-ab6abd61d662;losmundissas;50
8265dee1-143c-4416-a189-d99261004b39;nookie286;100
031f1b88-5440-45af-8fa9-1423a0a15145;alexsbatista;0
5fb0adf1-bfaa-4230-90fc-5f75cb9e76ac;ov3rc4st;51
1a63ba6c-83bb-4866-a6ea-54cc4cf9bcb2;caiocalo;106
d332b0d2-12db-45dd-9d6b-addd75972c2e;vivicamil;0
f3da481c-cb28-42f9-96b6-759bb5e6e65f;coyotsp;7
eb54395b-ddd6-49f8-a58b-0f8c1789819c;larixmaciel;100
12d53642-5997-4345-9b10-410a2d387466;ovampirinho;310
563410ac-325b-482d-b9ce-283fa710a160;dragonflipe;0
3bfbc979-dcce-4331-beb2-31f5c38c9369;joaopetroniomartins;0
82a9340c-d2de-4b18-a558-612f80ac909e;hedriss10;75
a7f613ea-f216-4e62-b05a-dc19bcee73dd;j0tap;0
7d53fdbb-2a7b-4565-b56d-0421fa76fa28;laennder;0
68be609e-0268-4826-99a2-2f62711c2ec2;gusbug;2
2e4d5f68-f2b7-441f-9bfe-5b521165955f;mae_do_itsevolution;5
3bd342b6-e5ff-456b-b8e7-8aabbe9f0a32;unbiaseddestiny;2210
ef1a209b-87c3-44f5-9307-e4d034374efa;lukcnt;253
9aba2685-7c0a-4d1f-8e22-0c47ca0af580;itsevolution;4262
7a4ace0f-1451-484c-9dcb-52f663a935ea;umsaldanha;0
46119557-7ce9-488f-9225-47d539dd414e;kallklen;2272
6fff56d9-010f-4a49-b6f5-090af35d403a;clintonrocha;68
10ddac6b-0b74-4e1d-a624-898ef75ed653;davisores;55
c6ee1f71-a167-4430-9913-351219bff14d;guxmedeiros;0
803debdb-8136-4cb5-af29-dcd8db36bf2c;lucasnv_;1173
c68f7dfe-655a-4561-bc72-0f1fb65dde06;greicealves;0
cfd157cf-b220-46ef-b66d-456ba7db29a3;janderson1719;0
3744c69d-25c1-46a6-b178-ee5925f78014;marquesmk;2
83ee3482-86e3-4cc5-a4d5-ed5ff0e8188d;spicepeppers;50
05de679b-9989-4416-9aa4-20c149999c8d;perdidosnoplay;602
28abf0f8-0209-4053-bb5f-2c9211a858e7;medicinais;102
c577784a-ab1c-41b8-bc22-6809b80ccc7f;lucas_tcl;101
919989b1-bd1e-4ec9-a03f-346a9098c348;neto1396;104
53fcec59-e051-42ec-bd48-c71e0e4279bd;cinemajoaoguilherme;50
06d83d70-52bf-48a6-b35d-79b5357d3dcb;johnny_yamanaka;251
ec7d0650-7948-4628-a0c3-a0b27b7091ad;mecosayshi;12
4e7eafad-5196-4d4f-9dee-23eb5c367334;dxcassiano;401
ce61fa42-2854-42d4-b20d-e9348e9d76e1;chicovivo;1324
551a16d9-98c1-4247-9148-9beb45fae2da;digood_;51
7dbd163a-1f88-4d39-b94c-32856fd48021;ljukemura;664
dfa4b373-d4d7-41ad-ab95-182bb052f008;pizzagui;934
def273e3-6432-47bb-b67b-778e79fb0769;sassgabriel;2
a891a2e7-99ea-4ab5-bd80-35644f6e7783;cr0dzera;50
24782f0b-4683-4f35-976a-ea21d6714ba6;medalutadorespacialx;2014
d7b97274-6212-4b52-b9e3-0745f63ac670;rofram;150
d94a6d45-c4ee-4bff-b4f8-c5c92a3c5533;matheusm1805;0
12309bac-c268-4a7d-bbf7-bd72fd26c20a;guilhermetolentinodutra;101
9c909d1e-fa2a-47b0-8535-d9e44375f9f8;marcos_oap;1213
da3cdc78-02e2-400c-9f17-2cbe3ab73d8c;victorfarinha;312
58762d57-2972-4551-aac9-7c13591bcae0;sleepyguns;50
d7e7349c-f8c9-4ffe-9064-4b4f46b937a5;sabaab_;55
cd947145-9446-445a-b3cc-33b6d0e84f46;elvinmatheus;51
a3535a88-01fa-4788-963b-a39fc267ce4d;marianamoledo;52
ed84a208-e90a-4372-bc4c-be0e0bb4e8a4;hdkami;954
8cf8e162-bcf1-4a68-9ea5-44ec75484734;reis131;1247
8ad464d3-551c-4af1-beec-c5e19061e127;danilocurcio;210
d0b29e73-8bcb-4999-8f7f-53a74a1fddf1;raffaloffredo;59
bea8db84-89c0-4620-8d8a-cd8bd8969485;jhouzera1;0
5f4d8504-0533-45f4-a4ac-0dc614a2c318;carlos741963;9
70459139-705a-47b5-a8d3-97d1db1d6565;lucianobritis;340
a32f0760-1d8a-4693-bcbc-5ea4dc4bf997;eodreamy;0
6703199b-66fd-46ce-991c-990ee721755b;edu_dev1;0
467b4896-20e3-454d-a88b-f65d6fed0bc0;jutsgo;101
d94f1c09-e02a-4f1d-9a0f-ac35a459f2aa;vtfigueiredo;59a
200e262d-74f4-439f-88fb-0cccd122a3a5;vidadeantonio;806
64343fda-f940-4733-9cda-49d3e14f0362;joaovbslima;497
b7a4bd03-8107-4852-b343-f464e380ef4f;carlosbrefm;109
6e81c9f9-e511-45c4-bee7-c22b7c0e9ba5;paulovitorz;52
b5293a45-7a59-46e0-97fd-af3ecd159537;kevin_zeroo;51
f9c499cf-c6c7-48f4-9dbe-1a1e6c20205c;guilhermenagemds;51
c03280e1-0586-460d-a1fa-245798b5e30b;tiago_eumesmo01;100
9f33c095-0c1a-4351-bac4-8fe72dc16716;mathcartney;52
d7a6e3cc-b344-4234-9cd3-1ae3d9772eb2;daxzer4;416
5ae33296-4d38-4786-b02d-777e3f894cb7;mudkeepz;8
7a6fcb1b-b6dc-4541-9b11-79931181215c;genkio;7
01f3a765-a092-4999-be4b-98fc5404653b;gardienbr;1
161bf8aa-33f9-42a3-b48f-97199c8370d1;zackwild;1146
6dd76604-2c74-4e26-874a-94bf0df7f97a;tiagojaquesbr;259
2ee53164-1ee9-4e17-9277-b3f158e48e7f;andre_timotheo_br_77;117
6abc3e4e-30db-4bce-ba94-9b9c811538c9;syglol;152
044e95f2-8756-42bd-a0a3-d50708beb8da;leokirian;392
dc48fa97-9786-438d-91f9-77e6262dea42;ikarohenrique1;66
444e5a23-d896-49b1-929d-4c5cb4b2c232;anaafcs;50
131eedc9-fc22-4f49-840d-701b18f5c09a;el_badmane;50
1f42436f-9108-453f-ba5f-74f00d20240f;madsonsd;159
04c0099a-17fc-4535-88c0-36251c16b582;fleups;57
86239e60-14f7-48b0-ba37-062fe97b2034;lucascami;149
384448b7-3b0c-462c-b2f9-d3a3b2ace4cc;hamarchi;113
2625a00f-9aaf-4605-9baa-366c5e18a095;andsuller;182
2a97ac6e-b50c-4ffa-86a4-80c16f7ee972;wallisonj72;105
b1ae9536-c6e4-4b88-a852-1561341c092c;jeanfdias;104
012bc897-e45c-4e6a-a742-7e00fa2e59e5;tujmon;51
efb1074c-2789-461c-9b29-5dad22727fbe;renatomedeirossantos;50
d9464c76-9d2d-42af-86a1-955880d98f5a;danielmveras;242
3e9a2bf8-e09f-4417-9ff2-5a65fd1de2ad;torrrespy;416
3671c38c-109f-4dfb-ae09-aa7667b1c597;fernandostn;56
4b663b17-fb72-4880-b83c-f08f1ec82fc5;brunopxd007;332
bb1ab728-1590-4340-b2a1-57f28fb9ab66;ifjorz;60
10d18590-4365-465c-8174-311c38d3a548;telbatesbr;1026
d27f73a2-e9af-4a5a-bd5b-89c6601046ef;reca_melo;51
60e4a326-fa36-434e-a0fc-7c81ff780f8a;nov4kzin;69
7be4584b-288b-4027-a2fe-29d206313917;censeu;1301
f8b53480-3dd5-4961-84a6-4e1967f5aa81;felipefdcastro;52
35b4a519-be61-433e-a848-50454c185277;dforoni;101
9c2d9e8b-302d-4de8-bc42-dca0efeb666d;wisp_p;138
53e42968-4b4f-4616-bfc6-8cdbb59a9a4a;christophermoura;0
45ee064a-cf3e-4bdf-b222-6d0ac88199d6;allecara;51
949e8027-ae59-4662-afce-4632bbf2d2c4;pablocorreia0985;110
eeae9e4d-d61d-4aa0-9876-55a8787963ac;khalweeda;155
bb1a4fcc-630e-4c66-b071-e379c8cb345f;ibritocorp;242
e53b103a-1b35-40c1-80b9-f92026187477;nottkirito;0
70568f71-d1b8-45c2-866f-abe5ed8911ab;reipretao;58
0ecd4659-2e4a-4598-8d3c-23148262f4b0;predomiotto;54
284e3274-74a7-45f4-8d1e-541517e62ece;viniciusrvieira;102
8b39c55c-9b84-4fb7-b7c4-7324cf780002;jananf2511;127
1eca2920-f444-4785-bbae-d4a0017ba873;fhamada;360
69e9a7c3-6f64-430f-96ee-eb1548eb6aad;mrsilva55;125
31e7facf-ee9e-46b4-9667-abc8385a1702;fabricioooo_;50
e64aa9d4-7543-4420-a5e3-a769a9454497;rturatti;50
b0bb0bd1-1e10-485d-80e1-54370b7ef21a;gusta_oi;143
326ce9d4-ce4a-48e6-90df-d1b7c6e58153;jeff_bjj;50
cd0a5a19-b4d1-4508-b535-5ab4136da380;mhcs300893;50
e5d834db-e02e-498e-aa7c-7a9dc8d35d2c;gbrito0;50
a6cc4ba8-3d4b-4f6e-8588-418c11ed095e;hugonyland;2114
2a300d53-ecd1-4e94-8e8d-515f485d0e6c;marcosfl89;50
381fadb5-b53f-4718-bdf1-943866077b2d;alan_ocs;258
b3d47127-6467-40ff-8fb0-a4985673b944;morenomon;101
17a8b42c-6885-42d1-9bf6-015622042042;vertebraum;198
10f96270-be3d-4487-85d8-843c21f0fe77;fefailla;50
5a226aa1-468c-4f67-96c8-e60653ba2fbb;douglasdsilva;50
2a1c8a11-67c7-4f6f-b005-a3756d4523d2;eugalante;66
5354f2f2-6d04-46e5-889f-956c7aa09dc8;evertondemo;101
4a1d4be9-a067-47de-a3c3-c13884db1851;lamorasjr;54
8694f99e-5b55-467e-82d5-0e0079cd664d;byronpsycho;545
9803ea9d-efb7-4287-a036-bae1bfbb8fa0;conradomp;100
7fe576d4-837d-4825-b379-906259122463;lu_aaalex;102
4b014dce-83d7-434c-b549-475ebf8415c5;jessica20br;105
bf4ddaa8-1c08-4212-9c64-069af66a3d54;gleissonbispo;1
65e54e94-4255-489a-948e-10a4da9c3029;biroovisk;258
de5eed84-c96e-4fb8-bf25-33c1b7230ccd;luannrodrigo;50
78a48b6c-979e-4ea2-85c8-78db87685bac;pinduuca;50
9d91d2fb-8f22-4556-b1ff-0e199363bf0c;irielai;125
b1d6f305-ddff-4a75-ae4b-7bdfcf082eab;beazinat;50
252a0923-3f79-45bb-b664-3040235c6c58;marceloaires7;105
3884c92f-a635-4b67-9e5a-97730829cdca;diegod_ntc;114
b424b1e5-b549-4e9c-af55-118925afc5da;godsensehl;823
21c630c4-3099-4a7b-8f8a-4579c1abdca7;rmanalytics;510
8dcf976c-c817-485f-97ee-c0bbd9fd657d;monteiroal;50
bac46d3a-5186-42f7-8668-9ed8931d3148;fakedrumss;201
7e17493b-89d4-4c55-8bed-4effa5160a3a;dieggo_n;1
9477a7ef-b635-41ee-a437-084a90f1064e;izabelape;307
db178922-7271-45f5-b2c5-15d7ce9c4197;ic3lotus;108
5b175133-d13b-45d4-8ca4-7c95230f13ca;allinecrg;111
13e42683-f0b1-4154-81d5-82025f82bd43;lfpbarros;103
d0c276c5-0953-499d-a130-85f5d1279612;lvcarv;110
71c4529c-1c59-4e5a-a3ec-65c726306eaa;coxxtah;50
1e67434d-0133-49e4-9919-c1873542035a;sidshow_;151
89af1f57-f17d-4021-b230-46496908c1aa;khayn_gk;108
a4b242e4-c2b9-4dc9-8a22-5bd950c8be84;supercacris;51
8076789f-07af-4e96-a055-13e90c747c5c;hfskilmster;1
fecbdf63-3bf4-44e5-8b1a-0acc9d963603;cianaglima;111
678bc295-4df5-43fd-8253-edda5615aae9;zezorion;50
fa992170-37d4-4c84-90bd-6d2b2eac5618;baarbosa;106
b88f7acf-5c33-4549-ae11-2f0b3ded6b43;reinaldocaneca;115
7adde851-797b-411f-ab0c-f2f6a01bd7e4;brnxxv;2
38b5a905-9b56-4847-bc01-fafb144d754a;kingjonkun;112
788fa8a0-575d-4ca9-91ff-6ce7ab42ea32;robgiovannini;150
c295a1ef-46d3-4cd1-9898-ebc993f5a6a6;morfimn;58
d33f353f-540c-4ce3-ad3f-e0dd6340b594;diegoricardo_s;100
dc53f33d-a121-407f-9cdb-da2de83bcaa3;piciti8;118
f68f9e5d-2243-4dcd-9640-f5a25cd2acc1;0hbit;400
9c49a075-02a6-4a14-bc38-7b3bf18aa723;patriciasilvarecife;1100
5ed09fff-c0eb-48db-b6e3-20ef238e8b5c;gustavolourenco_;1287
c27bd13a-5a38-46e9-b6d0-f9584ebe2039;agilitytz;101
2e831413-2bd2-4e91-ad83-8f7742506c77;yanzaum;50
b13d589c-8017-4481-81b1-b99bf935b949;ibridan;50
870763d5-0b10-434c-840e-b1347523760f;camarada_vini;118
d37bc550-dde0-470d-a19a-7e7c287a985b;dudacupcake;1
0783d883-f10d-40d3-885c-5f3dadf8f276;tayloorswitch;100
d9cf4da4-e04a-4310-a968-514a00fb3458;domiinguera14;50
e2193a65-7851-42ce-b36a-6bd028a1ac78;julierangdp;51
9f369c6d-9509-4723-8e6c-999045e07920;protasiolai;50
2aa71ff1-515b-4d18-af92-fa9389a63cc5;mrodriguesribeiro;202
91009f87-e4ab-4d6e-b965-a665e327aaf3;msmotabr;15
bef9264e-1e65-44ec-a56e-3127b77b121e;yohminato;0
761ea46d-5aec-48a3-b6f1-05f1902ac849;muriloxxd;202
dd5046b7-61ad-4faf-a4ca-d37f3c8bc431;msaspnet;54
f3b847fe-cef8-4b6f-836a-cee46e96d46a;amandamorceli;107
e33e2ae2-f396-45cf-8cf6-fef5407f49fb;woltr0n;0
a309cc31-1a36-440a-b5d8-67dd58aff38b;deathcrvsh;52
2d5e52c9-1a65-4d31-9ba0-c441b3ad9824;hellsu0;103
f46b7c0a-f576-469f-97c1-3cd681a72861;aleqcs;0
2ddd2ecb-b06a-447b-afd3-ef19987be8b2;douglasnehme;50
64d81faa-a9d4-44b5-a925-f5791b7dc3ca;lu4n_oliv3r;50
82bf934b-577e-4d06-9148-b758656e2d36;din_nn;630
6a143f4c-dea2-48df-9772-6f631dd86789;mateusqueir0z;104
41cbe7cd-708e-4b69-b627-50148a3b5ee2;hccruz72;79
e1e40be7-1637-40ea-b278-9c6e214a6f9b;shpoul;650
927cac17-061b-4ea9-96d6-b66f7d9fd676;andrekuniyoshi;0
11605b63-e9a1-4812-bab8-1f25197cb83f;omrbisao;0
f27f1125-9635-44cb-8066-5f005304c717;letindata;59
086bc05e-8aab-41fd-b15c-3d5e46ebefb7;lockon_stratos00;159
71357423-31c6-4566-bb51-9f8cee5064d3;waltennecarvalho;60
c0177658-840c-48e2-a670-fab7592c382f;da1suked;52
20bd648e-1f72-4eac-891f-19cc18bfb14e;bangdomarkin;150
77ca05cf-5968-4398-8032-01c061d0df79;laurafia;136
f3a350ff-39f7-4b7e-8496-94470f4ef2fd;lucaasferreira;1
69120bcf-9ace-461d-aa0d-024a4d1e5a30;rckk1;3
3c17dbb8-00ef-459b-ab9e-3f52bb62c39c;lucasbvasconcellos;425
b5d04277-3745-40b5-84a2-7e20cbc7d8ba;leleeeko;18
3534973b-223e-437a-9d6c-ab196d35649c;fabziano_;127
37b50721-cb1d-4670-ae60-5d54ff5aaf8c;rodoxgr;1
3d2e2ebd-a606-4800-94d7-8ea656655a78;diegopmayer;255
ae4d0b0d-ba15-4230-b361-607335fea41e;almdsantos;154
933a9225-7a00-4981-a632-5ef4c7528602;tarsisos;101
dd627d2b-e81f-4f2e-97fd-9964561bd335;bruno_rmz;412
711af125-fa0f-4680-8bb3-421b1b4bcd82;f_loster;9
7bdba15b-8180-449b-8307-5e82dbb8726d;andrelucasio;59
8d9cea56-5180-4815-a832-5ada2b512a17;marcioborgesnl;773
26d66102-507e-4d62-a994-82e57be1f38e;iirrgo;241
3ed698a1-a7bf-4ad4-b69e-01223d9ccba1;xpedro812;61
c3454a19-be36-4063-9ed2-a42a4c6f10c1;lemon_pie_carlos;641
1a9d3d94-d7db-4b9e-a4ad-ccea7177deef;gustavobb001;102
0676528b-8214-4832-9f82-0383b61dca07;thiago1souto;54
918f9b8f-7f15-4823-9ad1-a69db1c40414;jaotrigo;75
421426ce-b96f-4b90-b589-f04d4d5c5e7b;tonongui;0
184af1c9-a665-412e-86be-7d325c3a91e1;maicondnz;51
832fc9a7-6f15-4727-93e1-a9aaf29d97fd;leo_ddd013_candango;50
d217b9b2-91f2-4f8e-922f-66a5cb51ac5f;alicesbn_;0
3f7f4584-bcbf-49f3-86d9-89743a34a41a;magoguga1996;3
4a45da02-85fd-495c-83f0-f02612235417;1990koji;0
7e774d02-2716-4d22-97b2-14aa303cd1c2;gumorim;129
487cb216-6fca-45d9-b298-1dff756100a3;adpinter;105
9da08534-cc1a-4b34-981e-58cd4c96f08b;luds586;50
fa67e1f3-c5be-46c9-925e-84c709820d9b;felipene0ff;50
397170d0-05fb-4e36-8dd9-8caa30a42d82;joao_marcel0o;112
986cc0d3-ce4a-4374-8b1d-3c4f85ad5349;diegobvl;985
84ebaaf3-fffd-4240-8c5c-66f13ad2d885;eibino;50
182b7bc1-3e07-4962-9eb8-078d128efec3;jpbneves2023;0
26fbd9e1-02ab-41b0-b493-43edd0bc7d20;reenatoteixeira;53
135d7c55-3c7e-4c7f-b9ad-2d335c5a6fdf;txucambiro;53
76eb6d2b-ae48-4865-9927-d0750f289080;jannajones;66
e617ba66-d354-4550-a289-20b9039c697a;bobdnb;101
a69e33a3-3b50-413c-a2bb-96dd5cb28511;ih4ng;0
f8d62abf-8c86-47e4-bc88-923305df2216;lolduque;50
5e27c376-075e-41a7-91a9-06c03b689c70;luiis344;56
9a39e822-8e25-4c0a-a8b2-aa0cb0aa9d8f;thiago9222;2
014b7774-561a-4a58-93d7-070667df90fb;alecottta;126
11d0932f-c762-4d6d-b6d6-dd38743fcd46;evanbessa;54
ec5202a6-14ae-47d3-885c-4ba731d10d0f;ranierecosta;113
025f30ce-4b1b-429f-b92b-5b3f7003699f;g4g4l1l3u;50
fbd9b6fd-0b1a-436c-822e-7c4dd4fe0c70;dr_legobox;50
a9568c66-1430-4a80-a765-e9690a5a2030;absaiser;50
45b06413-9293-453f-ba4a-c7d91beac683;rayanxn_;51
2bdc5d64-d11a-4032-ae87-9c0dfe24095c;godjapaa;0
ca2f06a5-1d95-40eb-a005-6cac9653f392;leochimpa;0
f02b0d58-17a4-480f-8b5d-d18d1f5dd527;zoiosa;52
fcbb3e3a-e147-4a13-9f24-80e33f3ae194;roberto_ssoares;58
f420634e-7049-4565-a2fb-1967a9831848;fella_z;0
c026a5a1-d6ea-45a8-a8ed-8822943c2e90;pedrocoelhho;52
4e931d86-053c-42f7-a2eb-18024f183682;marcospntsjr;112
98df57f1-9a9e-4698-b3b5-29cd470d47de;rbecabg;100
8f70494d-a8e2-4dbf-9425-a0af80fe26ec;kplima_88;101
95a347c3-063f-4bbc-b7f5-ed3782a53a8f;queirozbd;0
e3bd16fa-ff94-4a76-bf60-93ff8744d83e;hskpuff;927
048f3edb-eeec-4105-8849-0d7f21013add;luck_saints;181
ef872791-68bd-443e-8ea7-54987bedfbbc;mikesmarcos;100
3bab0b89-47b6-45cc-bafa-aec1962c6dde;canibasami;100
5d62190b-e070-4867-ba93-7114661138d6;ph_feitosa;57
e11a8817-30f5-417d-9ee8-e227fd20cdcb;janderamancio;155
9a2ff4cb-b511-4c6b-af88-eadf709a7e40;cmzsilva;53
2a9d46a4-b1f2-4f27-8f5d-66afb935af68;cremoso_chernobyl;50
c82effb8-3951-4752-b834-d42175dcae8b;rodrigo_hahnekamp;492
f0af7e87-2a98-45b8-b70b-9ee6320b44ee;xxmedeirossxx;50
d1fc0041-ff07-4771-b9de-6af785270fa1;vanp;102
27e740f7-0789-4199-b15a-1b982dc7aa1e;debbb1;50
0f0a175d-b72a-4347-a0ce-1d8c7c92fb11;bernardocaroli;51
ce0f9a00-3862-40ee-84bc-1aba65c19e15;edbruxo;1400
a3cff0e1-e81b-4110-876a-6f7485494702;lcsigz;305
f8b5c3c6-8c29-4dba-86da-abb193814fce;jmineu;50
48202b85-7b5a-491f-aa00-b7d26086131c;laissa_padilha;52
c3bbfc66-7883-47c0-ae59-f7c1efa7aaa6;gatossaurorex;104
498e50dd-8541-47db-9b38-d38d63d2044c;clisterz;101
2d7f6b3f-9366-44c1-9663-beb5f7e1254e;pipinstallsocialism;26
36b941ef-6297-44cc-827b-b9fb53efb2bc;bolchelipe;207
2a3678b3-fd5e-4676-a4ec-cdf90a0ad2da;mnk_gravina;50
d11da85d-0a47-460e-bb63-288645044458;upululu;52
c2c87bbe-1817-4262-9035-8113ee577d05;smadeirajr;51
7cd2bb20-4b55-4135-96ec-3e64415d8c69;jompasf;150
c2fbc377-664c-43a3-83ff-3e529ee1bafe;leletgm7;50
c18cd53e-ef78-4c68-b21e-fc4559310439;hctsantos;55
4285b529-8acf-41f3-8ea8-3bd31d90dbbb;g4briellm;202
f6294127-af5b-4e91-8195-e00765056e0f;blazereapoficial;51
b5a6c53c-edd4-4aa3-a723-6573df24a95f;perdigaoo;54
e6dd2f10-61dc-4385-ba35-b7f4831b55f7;terkitu;0
3aed7014-dd3e-4958-ac8b-97ecba810a0b;deco4gaming;2
96619ca3-9111-4820-a50b-9916c212a2f8;dadlevelmax;964
2eee0bb7-77ce-46c6-806d-2e186e948fc0;juduque23;50
46d6f270-fb6b-4f0c-80a5-fada7f796fce;italomoisa;428
ce22a2c4-3f5f-4248-9d2c-286c50033925;chuqnorriz;100
697adab9-513b-4f67-9cfa-b04fcf7c6baf;prisantos18;52
1e686f9e-cbc7-49c1-815c-1b7633cf5cf2;barbosa_fernando;51
36a9834d-c55a-459e-aa81-7ae5b8d8376e;boydesue;100
58a4cb1c-e1f1-4906-a86d-59736a95f50e;sou_bruno_oliveira;158
d7f869be-d47e-4980-870d-534cde97c00b;santana_brv;0
194282ca-358d-451b-9c86-30d4c797c231;vittu_dt;62
342e1fb2-8c79-4716-b304-9699f3cc8f97;guisouzasz;52
dd07c211-ba13-494c-8d75-b28a5180a872;samuraixodo;0
2040cfbb-150e-4a90-9482-4154b4567750;jvictorpdx;5
5a9490c5-6a19-42de-a09f-9e73408bc7f1;maguinnata;102
6c7b3b02-8b47-402d-b6d1-febcdda4c4f7;bigcapx;50
f2f73b14-bdf5-4302-bd3a-acf646ac5d9b;guiihrosa1301;50
6d9fdde0-ce36-4d12-90ef-f14a4b712866;ianzerahh;50
da9bbbc9-f995-413e-8825-ce1def7676e7;rsparks_;0
8a6d27ef-7fd0-4b04-affb-c78c40c18e55;cristianefragata;100
ad57c4f2-0af4-49cd-96fb-02ab648e4515;zeer0e1;50
d6f92668-964e-462c-93e9-25e7771a5852;eduard0ml;1144
e651bd42-bad4-42ce-a402-a3907f98b9df;vitorvalero;51
c34fb037-353b-490f-97d0-26dddf36f56c;henriquetoledos;150
45bbf295-bf97-4f9d-9d9c-a8f76c328608;gatoguerreiro1;11
0cec974f-3aac-4ff3-847e-0d157f367d6e;spectorxzz;100
37208871-4ac4-4535-80f5-88edac047646;gibaaum;235
262bfa89-141a-46ea-acea-290a6a8bf89e;hsdans;1
ac44cf40-f248-4ef8-a6b9-a4f833c6c0e3;terikbazzo;1
253d96f2-3520-46e7-a3a4-5f7c5c9a7414;ruhandb;121
b4bbc54e-90bf-4fbf-ba9d-fd094bdf4aac;mvrcost;55
b9ee9c52-94b0-497a-a105-79c2f3285cfc;scream_cps;53
2a987450-6743-49ea-a7c3-2af9f52ee3a1;neversantos;50
d9c66692-a570-4512-909f-db8aa8de202c;gbrl808;119
68dcec08-895e-4b52-b016-752038f7e2a4;dunossauro;125
0705ab51-620a-4093-8771-9e7aaac39e0d;beth0793;150
49387367-bc77-4164-9bf5-88b9b10785be;fabriciomacena;0
cfea5dcc-3405-4f01-aca4-5942e8e5cfbd;filipeillanes;156
f64e033a-8407-4365-9b37-a4e67f9133f8;suzielli;50
066c9fc6-f704-4165-a8f3-3d1968b0d4a3;marxzera;4304
c401a1b5-d509-43e9-9eb1-c56bd9a3d5ad;weslleyalmeid;0
9a5e42e6-60ee-4882-b1bc-5a0e65f49901;blzvini;0
2cf08468-f3d1-4f03-966f-1e1a98b09ad9;fiscal_do_carvalho;0
75792660-3271-4dea-afa9-88e862ba54e7;wesley_psl;301
de578185-9e5b-4036-b7a4-d17754f425e8;isabellany27;50
c29de769-df6b-4e71-a2c0-1dc5bfc24f15;jovss;100
ca406ad2-1e0e-4747-bb19-54d62bd791d6;nullnes;54
21038105-6ffd-45f1-bcf3-19feb6ba48f8;xlkurama;0
271543ad-b1e3-455c-b93d-5b5b8a0a0359;vicentemarcos;152
c52fb72f-b3dc-4650-9182-b08b5ed1420a;dingollbell;0
f04eeeea-7b30-4aca-88f8-2bf94c1e6e9a;yuse1br;0
51c579d2-a559-4a8d-8bd6-7aa387a6cced;fabiol29;101
8cab4678-1a00-4a90-88b2-4e2f9b70ccb0;okflocos;0
52e4293d-0b9c-4215-be0d-e0d63e3536b3;nicosp90;1828
d627884e-f61f-4702-ab5c-3482fa724db5;rubinhosjr;53
be2c0a80-d297-4c6a-b77c-dae257add9b7;sktrr;50
1305a67e-2b1e-48d1-ba39-0380ed7066ed;cyberenjeru;258
46376959-58a7-413a-85f3-8e0d6bd4ee94;harrysson_thales;50
50bb7b3d-79a1-45c7-b4e6-ba698cd913f7;orubenscastro;0
42de920f-6a74-4462-8a84-b0cfd9d60341;decksoneedirlan;0
66c2abff-5c79-4b91-842e-740b43f3e6cf;llofyy;1
cf0630b0-8ccc-4f10-89dd-db54e2eab0da;laryssafsp;0
e1f1fade-c7a2-4033-8d5c-462fc21584bc;wilsonrvjunior;0
2be90f37-9d53-4445-9e91-547794ad19dd;rSRC_PATHablorj21;405
3b7bca96-db86-45a4-9c0c-fb1f410f8655;jeffverissimo;814
33246fd7-5d9a-45c9-aca0-19efdd66aaed;hkemmerich;0
4798fc2c-ce20-4fae-90b9-726fd0bd242f;veniciocosta;0
af5df34f-6723-4f02-b009-275190f626a1;edilsonml;0
1a5c1230-8a98-46e0-b89d-0daad3faed92;auugusto_cesar;100
650596bd-ebe7-4471-99b1-e429513e6b46;1uca5s;0
2f6cfdf9-b522-4217-9b87-c271bad72884;magnomatos822;150
3baabacf-2893-4074-acc8-9ff76ea3bda6;lucasv_martins;1
2d228697-7f11-4a40-a7a8-16ee5e1bc1a9;oadilsonrocha;199
238b17f5-1d85-4ea1-b9bc-0975a09b5aec;rkenyu;300
a9d543e8-e700-4071-8dcf-0c1adc66a348;maribispo_;102
ea5e6c71-7e1c-4632-b4f7-13f0be2181d4;haze014;123
91f3934c-7634-4d07-bf8b-55981b60b16d;jeantozzi;53
65fd481a-2c99-4620-b12f-8f5c19ad7ad5;gadugc2;50
bbde3998-cb85-4999-9c87-556af25c9368;m_maler;0
d1e6f7f4-583a-41e0-bb27-b5f3fd78ec56;zelemepiraju;208
4ebdf6fa-f4d8-429d-bc39-7439a2b60c2f;mugenkrl;50
55614f1d-0b09-49ee-9610-66dedb8c4322;econometria;50
0e61319b-1693-47f9-88a4-c96116fbd73c;jrodrigotico;0
bf1456aa-cc36-4371-818d-8a75abbdf788;duhbenhur;56
71eeacbe-87c0-4c25-a59c-adfb121267b2;mielked;511
c3664340-73b9-4da5-9d29-3defdfae4cd2;anyiaa_;250
4c9e4d6c-b745-43c6-aefb-51c206f0d9c3;john__costa;100
210b5708-5c82-4260-93fb-3339c7b2df04;hideyorh;403
ab1b6e56-cf08-4f31-bc43-3ad56dbfdc2a;ferenaan;502
4ae7fd3e-d286-4156-ad7f-553e46c683ea;samucatavares;2
828f9635-a948-41bb-9b4b-ee96a96c1371;mineirom3;2
a7eede08-ae50-4c44-af3b-9eaeb5765460;thiiagooc;250
17c46e8e-f7c5-487f-9c93-4e3c7c943460;leonardo_maxx;51
cacbbe2e-a825-4ed3-8d84-2673af0ddac2;crazy8br;103
f00cab8d-1c96-4e8e-9c52-f7ca96b4b321;bielseis4;209
e95380f9-63ef-4bc3-a589-086b1bf0eece;natusking1;269
387a1f2d-4bb1-45bc-af27-e140e7366f7e;altonio_bandeiras;603
bd49ec1c-964e-411d-bd43-6905a12f0b59;rhaycros;202
c43e605e-77b1-4589-be93-aa6dd49b2f5a;mbagdal07;105
7107771a-0558-4aaa-a66e-570205a7f367;leogend;1607
3f55b86f-dc21-4ac8-8e89-7c1535359eaf;tapioca_amin;1394
074f10c2-b7a0-4eae-9ec9-aa3bbaf5ee0c;biiluu;103
ca254e4f-c958-4567-9786-c6b9759f4064;kogaick;650
850b2870-f399-4640-92e9-7d87b6567e68;tizzieg;369
d29f80a1-584b-47ec-bd80-e114475a7722;askot19;0
21b7da2e-2a55-45e7-ae1b-e445614bdcd2;delfinoln;50
eceafadf-e517-4d4f-a807-5dd668b6661c;deisemaya;51
40f624c2-57ca-447a-a7f4-80464a3e3970;fgalvao77;100
f5c987fc-fbea-488c-8335-02dd53f66d45;khansado_;425
7645082c-11f0-48a4-aa24-d5dc7ebed156;thiagosouzadarosa;50
24ef9aed-ab90-41bf-bf90-88d17210d1b2;thiagolange;1263
bafe76c1-7463-4745-a7d3-4ce24c03266c;furtado145;760
fa3e0ee8-a313-4427-bd13-a5d5ec35c6ad;leoviniciuss;50
5606fe10-3665-4b8e-813a-89e972e1a8bd;pvsous;52
072ee7ee-abbf-4f77-b8ac-8e2c17493d15;itssg4be;100
b582a8d0-2823-489b-ab80-12bbdf42a06f;dare3devil;802
6fabc9bb-8ab6-4d0a-92ce-a288db7aa597;mcarvalhox;53
6540f919-63bb-4e8d-8dfb-2f9904a29bb0;rabugentocs;51
9bd82003-7d1c-47c5-8bfc-4e5768ae981a;jovips_;158
ca61481f-6259-4e96-bd5d-a5bca1637f8d;shina96;151
dae2b6ea-186c-4d5a-a034-dfad012cff95;gabsmoreno_;222
16171674-7e2c-4849-aa39-bad749ca9665;4ndr3lu15_;305
d1070c6a-4075-408f-8011-26a9995f5bf6;wedotheydont;509
30d00626-d497-4f5a-831a-7b6b1617df07;c4st4nh4;0
ed034cb1-ea7e-4e22-9221-dd069037a701;patrick_vasconceloss;485
c4e1ed9e-b918-4261-bccc-6b7725b0ba67;clear4blue;11
57724609-f3b9-41c8-8249-079cddfaa762;samick_franca;0
29d06dc5-b276-48be-ac4b-3372e05b246e;weber_cam;0
039371da-962c-453b-b9d9-20859d426458;fatebringer_br;201
6fd7a291-72ba-4d60-b75b-f47ea03718ac;fugidoexercito;50
81e1476e-638d-47fe-bc59-95a22042aa9e;iagocavalcante;50
1708996d-9c04-4503-a8c2-dbed861f3796;ja1ftb;50
26f05056-1ee6-4cf3-be7f-1058c1928b9e;abasilio91;353
852508fc-89da-405b-bd71-4264be44831b;pablochatbots;190
cbf2b8a9-c58e-4e88-bf25-bfd8f4c16452;okada_elaine;652
87040a44-0e04-4cc1-ad91-072d167b11b1;inimigodomouse;1606
fb3e3d1e-3e12-48ea-ba61-ce8aaec0b231;paulomarangonijr;670
4f78ec64-1e38-4f7d-bcd8-5f3ecfd186fa;marckxd2;50
3275f44a-4dba-42e9-8fed-cb1d207f30d6;mpedroni;50
b20a16b2-6d9f-4c94-87cc-6bbecebe504e;dmyoko;50
e768089a-12e2-45fb-8d81-dffaf17633ca;paulo_vieira;50
a4afa47d-6c37-41eb-a435-b63fc499543c;tiotado33;53
0f744fdd-cb88-4ba5-b32c-7ce351e87c2a;iamrooot;154
c6e76fd7-ff73-435d-9564-3b86926ddde5;tenomuller;100
0586bad4-0312-40db-857a-84eb23c37c9e;raikohhh;0
25e99530-d611-483c-81a8-80525ec08708;cristiannornberg;50
0fd403d3-60b6-47f2-a1e2-e6df37b49184;adrianosjk;157
0994a81f-9865-4356-9e82-c9e8d2881672;allysonbarrosrn;50
9cea717d-9edf-4740-a06d-41597784da46;xstrdoto;0
4c915b76-878f-471a-a6c1-e418288d51f7;madsonsjp;0
174b949b-bcfd-4995-9fb4-7385e7e17fdb;luhborbs;51
12085c7c-3e39-48aa-b654-557d9728f2d5;reginaldofdias;100
5666b127-f796-4b9b-8b82-25d5fcbca816;alexbarrox;162
ec4bb814-b931-4f88-96f7-443a745fb697;amanda_morschel;52
eda36d2a-3550-4499-96be-2f3604a58049;eduardoksmello;308
edc875d5-6b6c-4a37-bf2e-0aaaac396701;maaluceli;56
1b5952f4-dd78-4001-a6fc-93ce6d2fe448;torugobeck;50
de47ac90-3908-47c1-9097-fb4f70bf707d;a_gabriel_c;55
02adccd0-1559-4f7d-bc92-02ec73e68773;maadzin;101
33ed21f0-52e1-484b-bf59-44d9d834b282;cabulosojohn;150
ed298ef3-a3e4-4d50-8b48-57f9b745e335;isabele_alves;336
15e8c04d-9cd8-497e-8e71-f27e70df1427;nocky22;102
cdfe7f76-5f11-4d96-91d8-3eff41942c78;relsiar;101
d62818f5-c3a1-47b6-94f5-f41b607b72e0;quintella_nikity;611
b15fd43e-8e0c-4777-94a7-387f46aa9d1e;nicegustavinho3;50
d68a4667-b8f6-402d-b7b6-ee2b4c0e5d13;tuzinnn1;52
882618c1-e69a-4e77-b01e-01af0e9faa84;arthur1511;50
fe59fd95-d131-4d50-bb6e-10cdfa7d5f47;comunista_tropical;328
fe348fe6-a2f7-4f3f-b932-c10ad0b5692e;lucassilva_dota;50
a12533fc-b088-4c4d-a0ee-f32b3af4cf38;luidduarte;1
c0c968c0-9273-418f-a616-67e26ee9978f;itsastroboyz;0
5843b3e0-8f8f-4c32-a843-94bd753e0b71;lcsbno;52
41bb8c47-4ced-48f4-8410-68d941663893;dodo_california;53
824b5fd7-086d-4886-a417-15dff8307319;kaicqueee;260
0becf997-a205-4d16-8235-c9aebc525c2e;baarrac;50
304f91f3-8cb0-40e2-a24d-a9491fb0eb82;pmusachio;753
7873c833-ad27-43a3-96da-5a550e968085;o_pinga_o;205
3b3e87ca-d728-44fe-a1bb-9f0835cce85a;matmilan10;100
3886769d-9a23-4165-a497-67a4021aa139;artthur252;50
5e74ab96-6a1a-48c7-8240-08a3845486a8;farzk;0
0fc3524f-c21c-494d-bced-66766a2f239a;mrgabrielblins;62
a01b0f17-ce52-480e-a678-8cf8a8f3be67;negentropybeing;101
31a8e7d7-4bf2-435f-bf78-65e5c936a38c;adhalyaintchala;103
427ff019-64d8-4a31-bb75-e308845e96a2;ladymartin31;50
0b0bda4c-a9de-4c38-a47a-86b6123163a3;xdiegoat;0
065194d3-d70e-4fa1-9035-1808d6e222b3;marcoandremachado;106
3fc22625-bbce-4bd8-bf04-563189720e38;srraposa_the_programmer;66
d5278e80-eb4a-41d4-977b-d5d1ec87f0a9;lucassiro_;53
404795d1-6627-4f18-9e0f-d07595dacbfb;tavara000;5
9b6ab38e-904e-4f53-b4e5-cf58762836af;wanibii;0
76a79f30-c09e-462a-a0c3-a29b1c8d1aa2;kenanfint;158
cb9fc6b0-4278-4df7-81fa-3f6d7b11247e;mermoeu;1
22818471-9df8-41f0-a7ca-872fafe94218;vinleiria;0
04b34e7c-926f-45a6-a521-bfb4631f7bc6;matzmarcelo;5
9ee6648c-4d28-4d55-9762-948376b3df70;rfsantosr1;250
7cfbfa21-6979-40a2-ab88-e4e5c2697aa7;undef1nedx;77
43327cc9-4439-4d2f-9556-999151555c31;safadown_o_original;51
b69db98a-fbbb-48a9-a0fe-364ea9a785ec;alm_devioaut;50
e14a21ac-8e44-4133-994f-bd3ffe0976a4;felipedm90;50
61466336-50d0-429b-8a3e-dc3ceb0a1421;caio_alo;50
9ede91a9-35a7-4b0b-9781-607eb6e34ebb;pgg_tv;52
08296e7f-4af4-484e-8b24-ac48889e011b;ai_to_cego;50
5bc8bda3-fecf-4dfb-a154-fd7ccf24e5d0;peytonhp;204
765ae565-02f6-4f9d-b744-aaef0fa4dc95;pep1;55
6e4dae99-6228-4b44-b095-413aea4f6195;guint;126
e68259d4-3d89-4666-ae75-7b853927a54f;wesleycoelh0;570
c104f2ae-961d-47de-b8a7-6c44dd57b5b6;nukenair;152
759defeb-0d8d-4089-acf3-66fc45139185;bodson;236
0b76c105-e036-4cbd-ba70-d334f4fbca81;edsantos2015;200
107b2245-3810-4177-9813-8696eaa1cb8a;l4dyhawke;258
bb98ea93-5558-4839-bf50-6a39a63ef914;mangueboy23;458
b72a70f4-db8b-4d49-b129-0ca70d985b65;kazununga;350
0fd197c4-17dd-42be-aaf0-32e4346fec27;lucasprbno;64
37a9c439-16aa-48cb-8d53-016aea5f2128;rcordeiros;455
04ebbfc3-0ac0-45fe-84bc-f4aa07ab46aa;miguellinsbr;209
c02c3c8d-6d15-4c3c-895f-3fbb2267f471;celsogustavo;360
7a4170da-e706-437d-ad90-ce97e86319a4;ugamer_chokito;51
c474d938-69d8-42fe-b009-0e46b01bb726;wlbr1;166
28214597-a105-4e02-827f-8937215fd20e;autilaier;335
3d27870c-a8de-4de8-a222-064b3d980a01;roberto_barbosa_85;50
41f5f373-f222-43d2-ac8c-265c663285c5;wertonrod;150
96a0ed7c-b266-491b-9061-1d2c8c341f4e;biscoitobh;50
e0d9e314-eadb-46fc-88c6-c0fb08341d2f;sygorn;54
48ed6807-7cc8-4e82-a7b0-4048f097c7bf;set_abominae;59
a8a3a2a0-9c94-4536-a682-a12626b2314d;moniquemartins;379
c0680440-bec3-4f01-ae25-631ec75b0db5;thiago_g_thomas;0
cd73c415-04af-4b30-8732-aafef8def3e5;vanessasantana91;51
2b4f3a75-7148-4344-a630-8e9362b08a8b;alana0902;50
0c627c11-de12-420b-98d0-3d15481aa95b;julianamauri;1
23bb41c6-d902-4ffb-98f6-bdf661e868aa;polesi1;151
a751e034-d9cf-4fb3-a220-ff1da558105f;paullohenriquue_ss;106
6d75a554-80c3-4362-89a4-50fa6a152699;digao131313;104
4030f1c0-acee-4f8b-8bbf-b001eb7490e2;ramone2;50
c9fc2824-86ba-4b82-aab8-618ce8caaa52;nireltssy;216
014491f5-caa3-4122-be69-a31411ad4bd7;rickrickyy;53
8cb9a750-e03b-4eb9-aafd-ea9314e756df;ceesarmota;70
271edaac-5c4e-4443-8c9f-c2809d6a0f9d;telles44;114
082069f5-d13d-467c-a3ab-234c006d6e95;lucastaz;51
ba23344e-63b2-4ca2-9461-fb5bc0341409;jefersonluiz13;55
3a4cd639-af6f-4609-8ddc-7e22640ff08e;eduardoromeiro__;55
d6b1197e-727d-4656-91e2-385901fedb56;magemary;57
0b07d3e4-7682-4d66-b418-587b7be8efa4;bsone031;433
2f3a7a25-ea21-4fa2-a461-e2e2613ea750;edumoura;0
ab981417-daec-4b56-9cfa-6881e0ea0d26;peppinha_on_fire;382
86a0b0c6-f12c-450b-880c-61efe2854217;iuca_br;142
d1527845-5bae-4747-b644-0854beaeeb58;jessicapfe;953
4621e46a-2698-4d4d-a5c0-8b40d71bed92;jhongs_;50
43050a60-ca0e-420e-bac0-d51ee0a83a8d;william_freitass;2
8a5032a2-4355-43f8-a655-20e3fcc16a4a;ironlive;1
8be23d7c-d205-43db-b51c-a4e70bf2f165;el_guilhermo_felix;0
44a8a7cf-9e53-4a27-9f5b-63ed339e05b5;orodrigofc0;63
cf7e85e1-b341-45e8-a9ee-84117c1b303c;denneira82;225
65b13030-1bce-47b1-aa08-45f43ba67576;321brubs;0
1029c005-70a8-4a1d-b5f8-9efd6255c9fe;joanaoliveirac;50
2ff81b20-1996-4e43-8711-cee1fa757142;ooo_andre;50
ba115786-63fa-4a4b-8aac-ed4f6ab4c777;alvarofelicio;364
c03a54a5-b024-45a4-bc9f-7759dd5542e6;dlsouza93;233
82bcb66a-e235-437f-b4dd-e98cf41b2d5e;caioalef1;109
9af32822-2f54-47e1-bbc7-afb4a9b02341;guiiiiiiiiiiiiiiiiiiiiiih;399
eb1d7ed7-ebd7-4dca-a9da-fafeaf5207bc;ethipires;50
10f4f908-3019-427e-9e51-e3527d5c247b;fabioascoelho;50
81688c1e-aadd-43cd-acfe-1889af4451b3;eli_santos123;1
6603cfb6-4eed-4c58-ac66-6225452a22ee;waconceicao;258
1090b72f-0736-4cf9-9c65-d43b5dbd6980;milena_lena;102
ab534735-0bfe-49cb-8dae-04b0b8976fb7;luke12tres4;158
89ab3c6f-8e8d-42c5-957c-6a9a04f5ce88;limadb;163
b7481f6e-72ca-4cd7-b0b5-45ef13e6e65d;l3androvsky;54
d0952fae-e561-4779-a96a-83a6ea2e4a4f;edilene_andrade;0
da6e8fb4-07ff-4be9-b4eb-691720fdbe3e;tsdomingues;486
01f2e6ea-4fc4-4eb3-94aa-3f36109a9787;lunartinho;105
a0ce14a1-9cba-4f7b-a33e-86536d3743c1;dodge_10;50
1990522f-6994-44ea-8a30-0115f1f4c6c1;yarinha7;0
afefedf3-1ea4-4962-8aaf-58ea777e3cab;brunosouzadata;50
9c6018c1-2122-450d-b1a4-c4c874516fe5;vorsicht_;200
c6d314ac-4a9b-4338-a415-c4eee3c0b6f2;netoscientist;50
073306ac-f4b5-4cee-ab79-9c079d891ba0;oliveiramil;50
43aa42e8-54d2-46f7-84fc-b9c4dd6870c8;daypadilha;80
f3a268f2-1788-47da-bc79-2680a1721254;nabuchadresar;205
c682d836-2e31-4d73-bfbb-8cc32be63265;matheuscs_dev;100
2e841867-0518-4eee-a80d-a6a50d70431e;targino52;103
c9db4e56-2010-4100-83d7-deec037b9ef6;maltrapilhoo;401
4fc56b11-7379-4d62-b3ed-95bf4294c7b3;insulinado;50
f88d9780-6ab9-4354-bee0-aa0e5308c9bf;mattlj4j;50
5281efa0-1797-46dd-b422-28a609e62031;andref01anlz;321
80b75b89-2fcd-4275-ba9f-7cce2a6c101f;tawanataina;56
9bccfbaf-2c46-429c-af0a-a477ac8400e6;caioporaqui;59
9dcbeb7d-526c-49ff-a3ec-e71398f709f1;biel1232;59
05c0957e-eddb-438a-bbb7-a0bcc175e3fc;harynelson;56
e0fe712c-85fc-47ec-a051-c20ad0051431;taiidb;373
d9684584-95d4-4465-b340-d4391cffc385;tirum_;57
3596c7ad-999b-446e-939f-cd7923bbe82f;branzao;312
7a5c58d6-0d20-4098-90f6-af394f3603b3;larapofttv;158
84f3f663-aed2-4722-bfdf-4c0ce77d59ab;cafeteria094;94
1b1a8eb8-cb74-4428-bab0-0c0e2e388ec7;g1nho019;199
0ed57b36-63ea-4190-8611-69ee5479d7a6;lfcarvalho1;156
8f7435e2-4dd7-447a-890d-2d7af552544a;weextv;0
858d43ff-0edd-43c0-88d8-774bf9287fe4;leticiagcsilva;50
16f54311-2784-4f4a-ab9c-a2ee20f4dd21;sontagr;210
5bb5a59e-97b5-4268-b408-3bda9ab13b40;upyper;152
735da3d8-f40d-4c23-9c8b-d798804d5f68;ricardovituli;50
245cbce6-b625-4d30-817d-03d9d75f03a4;sadbreadxd;100
dc4e44bf-80c7-4888-bef2-4234b4ecfb6e;jucs_origi;270
19693ea7-047b-4331-835f-fa7f9b3a8d1e;evandrotdametto;50
f26434d5-e557-4cc8-a0e6-c7ab3d04e09b;alexiabc16;204
ce41e15b-a89a-4cb3-bef5-60372ea6e1e3;hudsondab;50
1fc29659-2720-4d29-b414-3387bd53d11e;confessoranny;53
68e4f976-f883-494e-a324-00c7f76b53c2;rogerpython;50
99e05d15-f010-435b-8729-ef1b5e13d50a;pontotecnologia;51
1b08989c-039d-4c82-879b-0f56159a1ebb;rafaelbonilha85;151
afee45f6-fa22-46bb-ac98-885174c733a1;hi_dekki;50
603d0467-8c7d-4989-8f62-41a5b011d42d;thaleshbc12;50
de864f0b-7f68-4c91-8d1f-aea32d329138;zenoki;151
3619cdab-28c5-49b5-9945-62bc895a0fcf;leotachorando;103
a853bafe-bdc9-4808-8ac8-7a33ea0fac21;miley123;50
5cd43268-6089-46a6-94fc-cc3c18ba9350;rafael_santos28;52
9cd7fbfa-0a20-4805-af3c-1093cb240e22;ansattz;52
88ec8cd6-c632-46eb-bf5e-3938c52a653c;santinera_;201
e4fb9943-3bbd-4336-9ccd-7d65a9285c08;umgordoqualquer_;50
35dd02ef-718b-4457-be91-6834995f46fb;vinnyzonachi;50
d3bd377b-1721-4930-bed0-18df50507ce6;watashi_tech;0
4394132c-98e5-4ac3-a882-2a2ca397e8b3;ryzeab;250
fb31080e-efd7-49c0-89df-682e09cc8641;assunga_;53
925453fd-f3d5-4dfb-b7f8-2d82da7d2b71;jhenifercamposs;51
2a10a8fa-938b-4b79-818c-e379f0d8748d;jota_padilha;51
272ff01c-f314-4f8d-8b76-d61d69e14488;lorran_e;50
e072981c-1f7d-4c25-8bd9-b810ea99b296;okforseth;50
00684343-40b5-4ce7-b2e8-71a5340973bf;himuurax;0
3014824d-d506-4150-a423-220729454eb6;biancaknust;50
87f84743-9dca-46be-9d23-54a5619942ed;marginal151;50
651a0adf-d7d4-4bff-8eb1-f5f0c1957f0b;moupss;311
2c911f59-a744-40dd-a1ea-fc4f3f82220b;talonso_;55
50e13e1f-fc5c-4528-aecd-d2a7c5810c07;addaccruz;50
0a36ac7c-408b-4165-a124-fb22bd243998;remadi1809;50
87995752-aa18-48a9-a7bb-9a64b5104a28;mastellotto;50
395d676b-578c-41fe-a427-e097264d44c0;falamarden;239
820c0e06-c405-4979-8975-ecfa17abb0f9;wtkr;253
730b70d7-39b1-47ed-9d74-0655bc5e7afc;dslaporte;50
7d39ecde-e452-4f72-a6b5-dcae094ee519;adorotecnologia;51
f39b1da2-7633-4d8f-99b4-6ffd1e0f0d23;gleicearaujo_ds;1204
4be5245a-37a4-4f01-82e7-509e50d730c8;tiagoacostad;42
59746c2f-ef08-44a4-88ae-2e9610a578b8;rvictor_21;54
7cf424ba-9ea7-4fc1-9168-7233df1a6642;elitonkj;51
5d2ef84b-365f-4cc9-b997-2d5b26534a06;maykhz;50
62fe5a0d-2ea5-4c3b-b6ae-5f24526d5cb5;adric51;50
cbe80dc9-31ff-47eb-85c6-1638d08ccae4;rhuanlima;50
a7649e0c-92dd-42fe-bb36-d6f0aaaa8638;marco_machado_123;213
ca082770-d307-4242-ab0d-44612c49593d;mihaelle;87
c8be3fd8-f3fe-4fb3-8c3b-4bf1bfdf382f;danilo_neto;51
5a214149-13b0-4732-bdf6-3b443487b69e;ademarionobre;108
17fa24e6-3879-4688-a140-6083c15e7064;matheusvaz_data;50
b882e19c-917f-443d-9f0b-028df2e85066;veer7ex;57
2917638d-8925-473d-a9b0-9776ebb42ead;kelvia_a;100
d3736c09-9006-4b2c-a1c6-8656b05a27a7;elfadx27;158
72599524-180f-4afb-9a21-c599879cac3e;blasphee;166
32e88530-a0d4-44f4-b6b4-709074f614de;abner_davi;157
bd0e24ea-95c0-4ef5-831b-0fb36000838d;rodjmatos;100
089c45b3-627c-42fc-9f98-195434f36aab;vierfernando;0
63215e24-05f7-4a8a-b549-a38560695ddc;leopelusi;50
6f5e7ff5-e682-40e3-bbf2-41eeabf4dc3e;fabiolaviana;105
4a015b48-0f74-465f-ba26-0a58c57a8008;gurezendes;1
74be5419-ced5-46de-8ad8-0b82f82af243;alequinhoss;3
2c3f47fb-0956-4953-b014-cda0800685c3;karahestranho;100
f5c3b521-d12b-4de5-8c61-40a75418c65d;markkojp;55
267c888c-20a7-41b7-88aa-724f802b6150;mesonpi_;51
015e35f3-70d3-43f3-895d-cdea386118d7;lktlucas;50
f1e63202-a60d-40a4-b4c4-8fc9942f07ad;c_henrik001;107
f8af3621-587d-4ec7-96f4-25717b198dfd;lee3run;50
23cb2267-4be6-4439-b4a6-dc2cf3e5f30b;andershow87;53
a5cf84d3-c0e7-4736-8c5c-58df1b982c14;expertnandoo;56
15671712-f779-41ed-a517-dc4609f7cd8b;thecasttz;50
e4bf4b1f-c59f-4189-9abf-e9bcc1ec527a;grazonn;51
1d0b5f63-64a8-4483-aca8-4ee301d3ed5b;maferselect;0
847bdc7d-e95a-4c32-bdc8-c3771a5d0c6b;tibureu;50
47a639d4-93bd-433f-a60d-5a944df786f3;chernobiules;111
4f3a3d51-393a-4dfa-bbd6-c0d2d3be9a79;ninniet5670;51
8ab25700-f3a5-4837-b061-2d0efa7893b8;paulominor;56
3e530e26-e15e-41ec-838c-0f23af989de9;calebe_stoffel;0
c93cb5e9-f5e2-4c27-87af-a3cd1f7a1074;pettigru;51
6fe2526c-955b-4c6a-bd8c-57363f63294f;erodamermaidq;51
1668888f-874c-41d7-abc3-2a1f8489102e;toxqq_;50
1c7bb47f-afaf-4b1e-a887-343751d5fb62;dfdaicorb;114
77a38bf5-0cbb-4763-a98a-24baceebe6fc;ogrorasta;100
095ee630-7de5-4104-b122-f624078b99b1;soyrox;51
a6345eea-c141-42fd-9f0d-11f4210a0f20;candango_de_luta;50
8400b382-74f6-48ae-ad2c-423654f61fe2;alarissabrisola;60
05f6c58c-5749-46a6-8aa7-07768c3a6f03;viyusu1297;50
cbcbc270-227c-4708-872d-78ba75aa9e8a;bno_santos;8
3d887161-2977-496f-9f7c-6b37d9b79c2f;barbarayasmiiin;50
63f53514-daa0-4645-b5ae-a1970a5b9180;tututututuh;51
4a36c617-b018-436a-babc-4374461ab87b;null__var;53
403db18e-941e-4e63-ba23-e63c0515876a;lmadriles;50
c9bfbbf9-db90-45a7-a72c-4118140038f4;eduardo_cofferri;50
4caa2fb3-7ed2-436d-bc35-390feebfdebe;marmschu;50
000ff655-fa9f-4baa-a108-47f581ec52a1;cajuuh;52
